timestamp,bank,payment_method,amount,status,latency_ms,retry_count,error_code
2023-01-01 10:00:0,HDFC,upi,1000,success,150,0,
2023-01-01 10:00:1,HDFC,upi,1000,success,150,0,
2023-01-01 10:00:2,HDFC,upi,1000,success,150,0,
2023-01-01 10:00:3,HDFC,upi,1000,success,150,0,
2023-01-01 10:00:4,HDFC,upi,1000,success,150,0,
2023-01-01 10:00:5,HDFC,upi,1000,success,150,0,
2023-01-01 10:00:6,HDFC,upi,1000,success,150,0,
2023-01-01 10:00:7,HDFC,upi,1000,success,150,0,
2023-01-01 10:00:8,HDFC,upi,1000,success,150,0,
2023-01-01 10:00:9,HDFC,upi,1000,success,150,0,
2023-01-01 10:00:10,HDFC,upi,1000,success,150,0,
2023-01-01 10:00:11,HDFC,upi,1000,success,150,0,
2023-01-01 10:00:12,HDFC,upi,1000,success,150,0,
2023-01-01 10:00:13,HDFC,upi,1000,success,150,0,
2023-01-01 10:00:14,HDFC,upi,1000,success,150,0,
2023-01-01 10:00:15,HDFC,upi,1000,success,150,0,
2023-01-01 10:00:16,HDFC,upi,1000,success,150,0,
2023-01-01 10:00:17,HDFC,upi,1000,success,150,0,
2023-01-01 10:00:18,HDFC,upi,1000,success,150,0,
2023-01-01 10:00:19,HDFC,upi,1000,success,150,0,
2023-01-01 10:00:20,HDFC,upi,1000,success,150,0,
2023-01-01 10:00:21,HDFC,upi,1000,success,150,0,
2023-01-01 10:00:22,HDFC,upi,1000,success,150,0,
2023-01-01 10:00:23,HDFC,upi,1000,success,150,0,
2023-01-01 10:00:24,HDFC,upi,1000,success,150,0,
2023-01-01 10:00:25,HDFC,upi,1000,success,150,0,
2023-01-01 10:00:26,HDFC,upi,1000,success,150,0,
2023-01-01 10:00:27,HDFC,upi,1000,success,150,0,
2023-01-01 10:00:28,HDFC,upi,1000,success,150,0,
2023-01-01 10:00:29,HDFC,upi,1000,success,150,0,
2023-01-01 10:00:30,HDFC,upi,1000,success,150,0,
2023-01-01 10:00:31,HDFC,upi,1000,success,150,0,
2023-01-01 10:00:32,HDFC,upi,1000,success,150,0,
2023-01-01 10:00:33,HDFC,upi,1000,success,150,0,
2023-01-01 10:00:34,HDFC,upi,1000,success,150,0,
2023-01-01 10:00:35,HDFC,upi,1000,success,150,0,
2023-01-01 10:00:36,HDFC,upi,1000,success,150,0,
2023-01-01 10:00:37,HDFC,upi,1000,success,150,0,
2023-01-01 10:00:38,HDFC,upi,1000,success,150,0,
2023-01-01 10:00:39,HDFC,upi,1000,success,150,0,
2023-01-01 10:00:40,HDFC,upi,1000,success,150,0,
2023-01-01 10:00:41,HDFC,upi,1000,success,150,0,
2023-01-01 10:00:42,HDFC,upi,1000,success,150,0,
2023-01-01 10:00:43,HDFC,upi,1000,success,150,0,
2023-01-01 10:00:44,HDFC,upi,1000,success,150,0,
2023-01-01 10:00:45,HDFC,upi,1000,success,150,0,
2023-01-01 10:00:46,HDFC,upi,1000,success,150,0,
2023-01-01 10:00:47,HDFC,upi,1000,success,150,0,
2023-01-01 10:00:48,HDFC,upi,1000,success,150,0,
2023-01-01 10:00:49,HDFC,upi,1000,success,150,0,
2023-01-01 10:00:50,HDFC,upi,1000,success,150,0,
2023-01-01 10:00:51,HDFC,upi,1000,success,150,0,
2023-01-01 10:00:52,HDFC,upi,1000,success,150,0,
2023-01-01 10:00:53,HDFC,upi,1000,success,150,0,
2023-01-01 10:00:54,HDFC,upi,1000,success,150,0,
2023-01-01 10:00:55,HDFC,upi,1000,success,150,0,
2023-01-01 10:00:56,HDFC,upi,1000,success,150,0,
2023-01-01 10:00:57,HDFC,upi,1000,success,150,0,
2023-01-01 10:00:58,HDFC,upi,1000,success,150,0,
2023-01-01 10:00:59,HDFC,upi,1000,success,150,0,
2023-01-01 10:00:0,HDFC,upi,1000,success,150,0,
2023-01-01 10:00:1,HDFC,upi,1000,success,150,0,
2023-01-01 10:00:2,HDFC,upi,1000,success,150,0,
2023-01-01 10:00:3,HDFC,upi,1000,success,150,0,
2023-01-01 10:00:4,HDFC,upi,1000,success,150,0,
2023-01-01 10:00:5,HDFC,upi,1000,success,150,0,
2023-01-01 10:00:6,HDFC,upi,1000,success,150,0,
2023-01-01 10:00:7,HDFC,upi,1000,success,150,0,
2023-01-01 10:00:8,HDFC,upi,1000,success,150,0,
2023-01-01 10:00:9,HDFC,upi,1000,success,150,0,
2023-01-01 10:00:10,HDFC,upi,1000,success,150,0,
2023-01-01 10:00:11,HDFC,upi,1000,success,150,0,
2023-01-01 10:00:12,HDFC,upi,1000,success,150,0,
2023-01-01 10:00:13,HDFC,upi,1000,success,150,0,
2023-01-01 10:00:14,HDFC,upi,1000,success,150,0,
2023-01-01 10:00:15,HDFC,upi,1000,success,150,0,
2023-01-01 10:00:16,HDFC,upi,1000,success,150,0,
2023-01-01 10:00:17,HDFC,upi,1000,success,150,0,
2023-01-01 10:00:18,HDFC,upi,1000,success,150,0,
2023-01-01 10:00:19,HDFC,upi,1000,success,150,0,
2023-01-01 10:00:20,HDFC,upi,1000,success,150,0,
2023-01-01 10:00:21,HDFC,upi,1000,success,150,0,
2023-01-01 10:00:22,HDFC,upi,1000,success,150,0,
2023-01-01 10:00:23,HDFC,upi,1000,success,150,0,
2023-01-01 10:00:24,HDFC,upi,1000,success,150,0,
2023-01-01 10:00:25,HDFC,upi,1000,success,150,0,
2023-01-01 10:00:26,HDFC,upi,1000,success,150,0,
2023-01-01 10:00:27,HDFC,upi,1000,success,150,0,
2023-01-01 10:00:28,HDFC,upi,1000,success,150,0,
2023-01-01 10:00:29,HDFC,upi,1000,success,150,0,
2023-01-01 10:00:30,HDFC,upi,1000,success,150,0,
2023-01-01 10:00:31,HDFC,upi,1000,success,150,0,
2023-01-01 10:00:32,HDFC,upi,1000,success,150,0,
2023-01-01 10:00:33,HDFC,upi,1000,success,150,0,
2023-01-01 10:00:34,HDFC,upi,1000,success,150,0,
2023-01-01 10:00:35,HDFC,upi,1000,success,150,0,
2023-01-01 10:00:36,HDFC,upi,1000,success,150,0,
2023-01-01 10:00:37,HDFC,upi,1000,success,150,0,
2023-01-01 10:00:38,HDFC,upi,1000,success,150,0,
2023-01-01 10:00:39,HDFC,upi,1000,success,150,0,
2023-01-01 10:05:0,HDFC,upi,1000,failed,500,2,504
2023-01-01 10:05:1,HDFC,upi,1000,failed,500,2,504
2023-01-01 10:05:2,HDFC,upi,1000,failed,500,2,504
2023-01-01 10:05:3,HDFC,upi,1000,failed,500,2,504
2023-01-01 10:05:4,HDFC,upi,1000,failed,500,2,504
2023-01-01 10:05:5,HDFC,upi,1000,failed,500,2,504
2023-01-01 10:05:6,HDFC,upi,1000,failed,500,2,504
2023-01-01 10:05:7,HDFC,upi,1000,failed,500,2,504
2023-01-01 10:05:8,HDFC,upi,1000,failed,500,2,504
2023-01-01 10:05:9,HDFC,upi,1000,failed,500,2,504
2023-01-01 10:05:10,HDFC,upi,1000,failed,500,2,504
2023-01-01 10:05:11,HDFC,upi,1000,failed,500,2,504
2023-01-01 10:05:12,HDFC,upi,1000,failed,500,2,504
2023-01-01 10:05:13,HDFC,upi,1000,failed,500,2,504
2023-01-01 10:05:14,HDFC,upi,1000,failed,500,2,504
2023-01-01 10:05:15,HDFC,upi,1000,failed,500,2,504
2023-01-01 10:05:16,HDFC,upi,1000,failed,500,2,504
2023-01-01 10:05:17,HDFC,upi,1000,failed,500,2,504
2023-01-01 10:05:18,HDFC,upi,1000,failed,500,2,504
2023-01-01 10:05:19,HDFC,upi,1000,failed,500,2,504
